Name,Price,Oferta
CAFE ARLISTAN INST. SUAVE 170GR.,"

₲. 37.950
",No tiene ofertas
CAFE BELEN INST. CAPUCHINO CLASICO,"

₲. 13.000
",No tiene ofertas
CAFE BELEN INST. CLASICO 100GR,"
₲. 15.400
₲. 18.000
 
",
CAFE BELEN INST. CLASICO 200GR,"

₲. 27.900
",No tiene ofertas
CAFE BELEN INST. CLASICO 50GR,"

₲. 9.300
",No tiene ofertas
CAFE BELEN INST. MATINAL 100GR,"

₲. 16.200
",No tiene ofertas
CAFE BELEN INST. MATINAL 200GR,"

₲. 25.100
",No tiene ofertas
CAFE BELEN INST. POUCH MATINAL 50GR,"

₲. 6.600
",No tiene ofertas
CAFE BELEN TORRADO 100GR,"

₲. 5.400
",No tiene ofertas
CAFE BELEN TORRADO 200GR,"

₲. 10.700
",No tiene ofertas
CAFE BELEN TORRADO 500GR,"
₲. 21.500
₲. 26.600
 
",
CAFÉ BESSONE MALTA C/LECHE INST. 100GR+ 25% GRATIS,"

₲. 10.450
",No tiene ofertas
CAFÉ BESSONE MALTA FORTIFICADA INST.100GR+25% GRAT,"

₲. 9.000
",No tiene ofertas
CAFE BICAFE CAPSULA RISTRETTO 16UN,"

₲. 29.900
",No tiene ofertas
CAFÉ C&M CAPSULA MOLIDO TOSTADO INTENSIDAD 10 X 5G,"

₲. 29.900
",No tiene ofertas
CAFE C&M CAPSULA MOLIDO TOSTADO INTENSIDAD 10 X5GR,"

₲. 29.900
",No tiene ofertas
CAFE C&M CAPSULA MOLIDO TOSTADO INTENSIDAD 10X5GR,"

₲. 29.900
",No tiene ofertas
CAFE C&M TOSTADO EN GRANOS PREMIUM 500 GRS.,"

₲. 49.900
",No tiene ofertas
CAFE C&M TOSTADO MOLIDO PREMIUM 500 GRS.,"

₲. 49.900
",No tiene ofertas
CAFE C&M TOSTADO MOLIDO TRADICIONAL500 GRS,"

₲. 24.900
",No tiene ofertas
CAFE ARLISTAN INST. SUAVE 170GR.,"

₲. 37.950
",No tiene ofertas
CAFE BELEN INST. CAPUCHINO CLASICO,"

₲. 13.000
",No tiene ofertas
CAFE BELEN INST. CLASICO 100GR,"
₲. 15.400
₲. 18.000
 
",
CAFE BELEN INST. CLASICO 200GR,"

₲. 27.900
",No tiene ofertas
CAFE BELEN INST. CLASICO 50GR,"

₲. 9.300
",No tiene ofertas
CAFE BELEN INST. MATINAL 100GR,"

₲. 16.200
",No tiene ofertas
CAFE BELEN INST. MATINAL 200GR,"

₲. 25.100
",No tiene ofertas
CAFE BELEN INST. POUCH MATINAL 50GR,"

₲. 6.600
",No tiene ofertas
CAFE BELEN TORRADO 100GR,"

₲. 5.400
",No tiene ofertas
CAFE BELEN TORRADO 200GR,"

₲. 10.700
",No tiene ofertas
CAFE BELEN TORRADO 500GR,"
₲. 21.500
₲. 26.600
 
",
CAFÉ BESSONE MALTA C/LECHE INST. 100GR+ 25% GRATIS,"

₲. 10.450
",No tiene ofertas
CAFÉ BESSONE MALTA FORTIFICADA INST.100GR+25% GRAT,"

₲. 9.000
",No tiene ofertas
CAFE BICAFE CAPSULA RISTRETTO 16UN,"

₲. 29.900
",No tiene ofertas
CAFÉ C&M CAPSULA MOLIDO TOSTADO INTENSIDAD 10 X 5G,"

₲. 29.900
",No tiene ofertas
CAFE C&M CAPSULA MOLIDO TOSTADO INTENSIDAD 10 X5GR,"

₲. 29.900
",No tiene ofertas
CAFE C&M CAPSULA MOLIDO TOSTADO INTENSIDAD 10X5GR,"

₲. 29.900
",No tiene ofertas
CAFE C&M TOSTADO EN GRANOS PREMIUM 500 GRS.,"

₲. 49.900
",No tiene ofertas
CAFE C&M TOSTADO MOLIDO PREMIUM 500 GRS.,"

₲. 49.900
",No tiene ofertas
CAFE C&M TOSTADO MOLIDO TRADICIONAL500 GRS,"

₲. 24.900
",No tiene ofertas

.
